{
  "professors": [
    {
      "id": 1,
      "ProfessorFN": "قاسم",
      "ProfessorLN": "اصغری",
      "major": "شیمی",
      "BirthDate": "1985-12-12",
      "TeacherAssistant": "2009-11-28",
      "AssociateProfessor": "2018-01-21",
      "EmploymentDate": "2020-01-30",
      "fields": ["ژنومیک", "ساختار داده‌ها"],
      "publishedAsseyDate": [
        2009, 2009, 2010, 2010, 2011, 2013, 2018, 2018, 2018, 2018, 2019, 2020,
        2020, 2023
      ]
    },
    {
      "id": 2,
      "ProfessorFN": "امیر",
      "ProfessorLN": "اکبری",
      "major": "عمران",
      "BirthDate": "1990-03-04",
      "TeacherAssistant": "2013-04-11",
      "AssociateProfessor": "2018-01-21",
      "EmploymentDate": "2021-09-23",
      "fields": ["بیومتری", "ژنومیک"],
      "publishedAsseyDate": [
        2013, 2015, 2015, 2016, 2016, 2017, 2017, 2018, 2018, 2018, 2018, 2019,
        2020, 2021, 2023
      ]
    },
    {
      "id": 3,
      "ProfessorFN": "سهیله",
      "ProfessorLN": "اتمدی",
      "major": "کامپیوتر",
      "BirthDate": "1993-04-01",
      "TeacherAssistant": "2005-07-11",
      "AssociateProfessor": "2010-09-21",
      "EmploymentDate": "2022-04-05",
      "fields": ["بیوانفورماتیک", "ژنومیک", "هوش مصنوعی"],
      "publishedAsseyDate": [
        2004, 2005, 2005, 2006, 2008, 2010, 2011, 2011, 2014, 2016, 2018, 2018,
        2018, 2018, 2019, 2020, 2021, 2023
      ]
    },
    {
      "id": 4,
      "ProfessorFN": "فاطمه",
      "ProfessorLN": "مهتشم",
      "major": "مکانیک",
      "BirthDate": "1985-07-21",
      "TeacherAssistant": "2003-09-11",
      "AssociateProfessor": "2008-01-21",
      "EmploymentDate": "2010-07-13",
      "fields": ["داده", "هوش مصنوعی"],
      "publishedAsseyDate": [
        2004, 2005, 2005, 2007, 2008, 2010, 2011, 2013, 2014, 2016, 2018, 2018,
        2019, 2021, 2022, 2023
      ]
    },
    {
      "id": 5,
      "ProfessorFN": "زهرا",
      "ProfessorLN": "کریمی",
      "major": "هوافضا",
      "BirthDate": "1987-08-10",
      "TeacherAssistant": "2009-09-12",
      "AssociateProfessor": "2013-01-21",
      "EmploymentDate": "2014-09-22",
      "fields": ["بینایی کامپیوتری", "پردازش زبان طبیعی"],
      "publishedAsseyDate": [
        2009, 2009, 2010, 2011, 2011, 2012, 2012, 2013, 2014, 2017, 2017, 2018,
        2018, 2018, 2019, 2020, 2021, 2023
      ]
    },
    {
      "id": 6,
      "ProfessorFN": "زینب",
      "ProfessorLN": "صابری",
      "major": "برق",
      "BirthDate": "1988-09-29",
      "TeacherAssistant": "2009-07-21",
      "AssociateProfessor": "2015-02-21",
      "EmploymentDate": "2018-10-10",
      "fields": ["پردازش زبان طبیعی"],
      "publishedAsseyDate": [
        2010, 2011, 2011, 2014, 2016, 2018, 2018, 2018, 2018, 2019, 2020, 2021,
        2023
      ]
    },
    {
      "id": 7,
      "ProfessorFN": "ممد",
      "ProfessorLN": "اصغری",
      "major": "شیمی",
      "BirthDate": "1985-12-12",
      "TeacherAssistant": "2003-11-11",
      "AssociateProfessor": "2007-01-21",
      "EmploymentDate": "2020-01-30",
      "fields": ["ژنومیک", "ساختار داده‌ها"],
      "publishedAsseyDate": [
        2004, 2005, 2005, 2007, 2007, 2007, 2007, 2007, 2008, 2010, 2011, 2011,
        2014, 2016, 2018, 2018, 2018, 2018, 2019, 2020, 2021, 2021, 2021, 2021,
        2023
      ]
    }
  ]
}
